Job_Title,Education,Experience,Gender,Age,Salary
Manager,High School,8,Male,63,84620.05366
Director,PhD,11,Male,59,142591.2559
Manager,Bachelor,28,Female,61,97800.2554
Director,High School,29,Male,45,96834.67128
Analyst,PhD,25,Female,26,132157.7862
Director,PhD,19,Female,27,156312.9362
Director,PhD,4,Female,60,130567.6495
Director,PhD,13,Female,49,148707.7408
Engineer,Bachelor,20,Female,25,95945.27543
Analyst,PhD,14,Female,58,133339.3897
Manager,Bachelor,23,Female,23,101164.0924
Director,Master,1,Female,27,124251.9871
Manager,High School,11,Male,63,55066.11435
Manager,PhD,4,Male,43,124972.5088
Director,Master,7,Female,44,126139.1367
Engineer,High School,28,Male,49,81007.19945
Analyst,High School,4,Male,37,60693.92471
Director,High School,26,Male,63,103386.0703
Director,Master,7,Female,53,140042.1389
Analyst,Bachelor,20,Male,34,86048.11608
Engineer,Master,3,Female,62,73861.99295
Analyst,PhD,19,Male,62,106145.0055
Director,PhD,19,Female,36,142981.5905
Analyst,Master,7,Female,21,96620.92939
Manager,High School,21,Female,62,89426.94712
Manager,Bachelor,12,Male,20,104762.3985
Manager,Bachelor,23,Female,35,101747.5408
Engineer,Bachelor,1,Male,36,68635.08828
Manager,Bachelor,5,Male,28,90550.47942
Analyst,High School,14,Female,61,75559.24411
Engineer,Bachelor,10,Female,40,87433.49865
Analyst,High School,3,Female,63,57615.23342
Engineer,PhD,2,Male,45,126043.1434
Analyst,High School,13,Male,20,73043.43575
Director,PhD,16,Male,59,134560.193
Engineer,Bachelor,23,Female,22,95804.26144
Director,Master,2,Female,26,99694.53954
Director,PhD,24,Female,23,153930.9339
Director,PhD,13,Male,50,151123.3359
Director,High School,6,Female,33,81462.71867
Director,Master,7,Male,40,106019.0204
Director,PhD,2,Female,31,142122.6673
Analyst,High School,11,Male,31,66858.43105
Manager,Bachelor,7,Female,25,82060.73293
Engineer,PhD,7,Female,36,107935.4034
Analyst,Bachelor,7,Male,33,70251.76628
Analyst,PhD,7,Female,28,118799.4401
Analyst,PhD,12,Female,47,100369.0235
Analyst,Master,19,Male,26,100038.768
Manager,PhD,22,Male,64,164542.837
Manager,High School,19,Male,62,95726.36719
Engineer,Bachelor,19,Male,24,96598.32495
Engineer,Bachelor,20,Female,60,82628.1483
Analyst,Bachelor,3,Female,61,66216.70162
Engineer,PhD,13,Female,35,127167.116
Director,High School,10,Female,20,106028.6363
Analyst,PhD,20,Male,59,139655.8919
Engineer,Master,9,Male,57,100278.416
Engineer,High School,6,Female,26,67767.86962
Director,PhD,21,Male,49,148074.0579
Analyst,PhD,22,Female,45,143973.4648
Manager,Master,12,Female,32,106333.9698
Analyst,PhD,2,Female,20,96967.34243
Manager,Master,12,Female,48,113746.2958
Engineer,PhD,16,Female,27,140823.2698
Manager,High School,13,Female,21,88374.44797
Analyst,Master,16,Female,64,112591.9177
Engineer,High School,13,Male,27,53119.03312
Manager,High School,22,Female,60,81946.59278
Manager,High School,25,Female,46,74817.18132
Analyst,Bachelor,19,Male,60,84868.78462
Engineer,Bachelor,26,Male,42,104215.4319
Engineer,Master,14,Male,34,117890.0214
Manager,High School,29,Male,51,90605.45679
Manager,High School,13,Female,41,77430.20945
Manager,Bachelor,10,Male,27,91038.14555
Director,PhD,22,Male,56,169510.253
Engineer,High School,7,Male,36,58008.87062
Manager,Bachelor,5,Female,26,93375.47914
Manager,Master,17,Female,62,136608.8081
Engineer,Master,9,Female,40,113727.8966
Director,PhD,27,Male,58,156729.0839
Engineer,High School,6,Female,24,60637.29856
Director,Bachelor,16,Female,36,118098.3722
Analyst,Bachelor,6,Male,54,59734.10574
Engineer,PhD,6,Male,34,111461.9558
Engineer,Bachelor,28,Male,59,96355.51546
Analyst,Bachelor,18,Male,35,70214.86159
Engineer,PhD,1,Male,44,105551.8368
Analyst,Master,17,Male,34,109899.0494
Director,PhD,17,Male,30,163022.8256
Engineer,PhD,1,Male,24,104029.2693
Analyst,Master,11,Female,40,98073.34046
Manager,Master,13,Female,61,130591.5668
Director,PhD,1,Male,60,137005.642
Director,High School,27,Male,31,92450.57242
Manager,Master,8,Female,49,93295.98265
Manager,PhD,23,Male,23,163104.2755
Analyst,Bachelor,20,Male,64,89961.79412
Manager,High School,6,Male,46,71769.55893
Engineer,Bachelor,5,Male,47,63923.53099
Analyst,Master,20,Female,22,112349.7719
Director,High School,5,Male,22,91289.99587
Engineer,PhD,6,Female,43,119140.3384
Engineer,High School,29,Male,48,71549.76783
Director,Master,13,Female,38,133122.6051
Engineer,High School,27,Female,21,66723.68052
Director,PhD,18,Male,24,157287.4192
Director,PhD,20,Female,56,165810.5594
Director,High School,13,Female,37,103723.3032
Director,PhD,7,Female,44,138575.0781
Analyst,High School,8,Female,45,48005.69983
Engineer,High School,21,Female,63,83938.80362
Manager,High School,17,Male,32,80007.84721
Analyst,High School,1,Male,54,51439.95511
Manager,Master,24,Female,41,125825.3778
Analyst,PhD,16,Female,29,111979.2803
Engineer,High School,11,Female,56,74209.99466
Director,PhD,29,Male,63,155079.8408
Manager,Master,4,Male,61,109922.0568
Analyst,PhD,4,Male,26,104330.6891
Engineer,PhD,17,Female,37,119682.6865
Engineer,Bachelor,17,Female,51,91498.92541
Analyst,Bachelor,10,Male,64,79316.33853
Director,Bachelor,21,Male,26,126769.346
Analyst,High School,21,Female,36,79183.53731
Analyst,Bachelor,6,Male,50,57463.596
Analyst,Bachelor,25,Male,48,89948.55569
Director,Bachelor,25,Male,31,121066.5229
Manager,PhD,17,Female,52,157190.0328
Analyst,High School,18,Male,58,80837.44494
Engineer,PhD,22,Male,45,151013.4005
Manager,Bachelor,26,Female,58,110750.6058
Engineer,Master,10,Male,49,102744.17
Engineer,High School,13,Female,22,62000.29192
Analyst,Bachelor,16,Female,39,81956.4778
Manager,Master,7,Female,32,99647.04282
Analyst,High School,15,Female,38,53660.11341
Engineer,Master,2,Male,20,98065.50879
Analyst,High School,5,Male,61,60027.1754
Director,Bachelor,17,Male,42,107222.1266
Director,PhD,5,Female,37,145434.5344
Analyst,Master,8,Male,62,94399.88467
Analyst,Master,24,Female,24,105559.5437
Analyst,Bachelor,28,Male,24,92774.21458
Analyst,High School,15,Female,38,61928.6828
Analyst,PhD,8,Female,25,118509.6286
Director,Bachelor,23,Female,34,127909.7106
Manager,Bachelor,3,Male,30,101655.2519
Analyst,PhD,23,Female,49,145740.4454
Manager,High School,17,Female,39,69022.9724
Analyst,Master,28,Male,54,122693.7223
Manager,Master,16,Female,23,112053.2036
Director,PhD,16,Female,28,149731.7472
Engineer,Master,19,Male,46,129826.7228
Manager,PhD,12,Female,38,130504.105
Director,PhD,24,Male,24,169726.3605
Manager,PhD,15,Female,27,133614.3213
Director,Master,8,Male,62,114113.5472
Engineer,Bachelor,27,Female,49,100641.9016
Director,Master,3,Male,55,128222.1035
Analyst,Master,23,Female,35,103825.7054
Analyst,PhD,18,Female,23,123464.469
Manager,Master,4,Female,23,99083.71642
Analyst,PhD,8,Male,26,115028.8104
Analyst,PhD,14,Female,22,136466.9514
Engineer,Master,28,Male,57,130006.8011
Analyst,Master,17,Male,44,113966.5065
Analyst,PhD,6,Male,55,108930.2553
Manager,High School,5,Female,23,59366.90641
Analyst,Bachelor,22,Female,27,103772.4592
Analyst,Master,14,Female,47,103680.8892
Director,PhD,6,Male,22,134263.9176
Director,Master,20,Female,27,143982.4062
Manager,Bachelor,12,Male,30,90022.12548
Manager,Master,9,Male,25,100622.2374
Manager,Bachelor,1,Female,60,90091.88495
Analyst,High School,18,Male,42,73807.1989
Analyst,Master,6,Male,63,85629.70656
Analyst,Master,29,Male,21,102870.9411
Analyst,PhD,5,Female,26,115954.1188
Analyst,High School,2,Male,48,70374.09661
Analyst,PhD,6,Female,25,112071.794
Director,Master,17,Male,60,128637.2614
Manager,PhD,7,Male,30,142237.712
Manager,High School,25,Female,27,89427.188
Analyst,High School,9,Male,49,49515.33137
Engineer,Master,23,Male,56,107272.0355
Director,High School,20,Female,38,107266.6397
Manager,Master,5,Female,22,116663.5454
Director,PhD,21,Male,61,159261.2571
Analyst,Master,11,Male,49,95422.43442
Director,Master,11,Male,52,118732.8797
Manager,PhD,28,Male,45,150828.3688
Director,High School,4,Male,56,80360.31217
Director,High School,23,Male,39,89616.88844
Engineer,High School,29,Female,52,94614.4991
Director,Bachelor,6,Male,47,88404.03831
Manager,Master,27,Female,46,123672.4124
Manager,High School,10,Female,48,77959.92128
Manager,Bachelor,9,Male,43,87089.80187
Manager,Master,29,Female,38,106944.9464
Analyst,PhD,18,Male,25,137478.6966
Engineer,Master,20,Female,21,107442.4924
Analyst,Master,9,Male,41,112257.0796
Manager,PhD,28,Male,54,149580.1772
Director,Bachelor,11,Female,21,100586.4041
Manager,High School,2,Female,49,72915.21947
Manager,High School,15,Male,54,85534.39749
Engineer,High School,6,Female,34,55365.92337
Engineer,PhD,25,Male,62,155147.3769
Director,PhD,17,Male,50,171403.0364
Analyst,High School,4,Female,29,58903.22811
Manager,Master,8,Female,47,134264.3149
Engineer,Master,29,Male,27,141926.4602
Director,High School,2,Male,32,87148.82294
Manager,High School,24,Male,49,110043.2632
Analyst,PhD,9,Male,56,126080.6953
Analyst,High School,1,Male,58,41707.761
Engineer,Bachelor,24,Male,48,81377.56365
Analyst,Master,6,Male,41,77772.6688
Director,High School,16,Female,43,86517.17201
Engineer,High School,27,Male,57,78182.64913
Manager,PhD,26,Male,40,149472.0554
Engineer,Bachelor,26,Male,33,90992.3951
Director,PhD,7,Male,60,131042.2239
Director,High School,25,Female,61,98697.76834
Analyst,Master,24,Male,21,107105.8207
Manager,Bachelor,16,Female,28,87924.45958
Director,Bachelor,6,Female,59,88578.47838
Analyst,Bachelor,10,Female,64,65598.43408
Manager,PhD,18,Female,29,139034.7626
Manager,High School,17,Female,37,68436.97173
Director,High School,17,Female,45,104598.7533
Manager,High School,12,Female,43,74409.96732
Manager,Bachelor,15,Female,60,85276.82082
Analyst,Bachelor,6,Female,30,73195.52219
Engineer,Master,23,Male,46,106197.1439
Manager,Bachelor,20,Male,33,120121.683
Analyst,High School,16,Female,51,84841.86725
Analyst,High School,23,Female,41,90520.01983
Analyst,Bachelor,14,Female,53,67553.07369
Director,Master,12,Male,21,121087.3298
Director,Bachelor,12,Male,52,97984.29324
Engineer,Bachelor,2,Female,63,87620.13106
Director,PhD,8,Female,26,137920.902
Analyst,Bachelor,24,Male,54,92241.08306
Analyst,High School,27,Female,50,67867.82972
Engineer,High School,17,Male,46,73532.88469
Analyst,High School,8,Male,58,69941.28708
Director,PhD,16,Female,56,147712.7231
Analyst,PhD,23,Male,37,134639.6508
Engineer,Bachelor,1,Male,32,89220.76357
Engineer,Master,5,Male,59,92867.84763
Engineer,Bachelor,19,Male,45,81543.41867
Manager,PhD,24,Female,20,132288.0966
Director,Bachelor,22,Male,58,117917.2698
Engineer,PhD,3,Female,50,118237.7556
Manager,High School,9,Male,61,56873.70677
Director,High School,11,Female,56,97129.52368
Manager,PhD,6,Male,58,127295.5452
Director,Bachelor,7,Male,48,82940.32919
Director,Master,7,Male,62,133794.1998
Director,High School,5,Female,43,83366.35987
Engineer,Master,2,Female,35,103387.4525
Director,PhD,22,Male,58,144256.8063
Manager,PhD,28,Female,58,133976.6947
Analyst,Master,5,Male,42,96929.31513
Analyst,PhD,6,Male,27,103860.8461
Director,Bachelor,6,Male,57,105050.8027
Engineer,Bachelor,7,Male,22,62891.76687
Director,Bachelor,4,Female,33,105649.1273
Manager,PhD,25,Male,40,147118.6855
Analyst,Master,18,Female,49,120117.8527
Manager,High School,16,Male,52,66620.52405
Manager,High School,21,Male,39,93737.2945
Analyst,Bachelor,19,Female,64,70051.59807
Engineer,High School,10,Female,64,77955.49552
Manager,PhD,24,Female,42,142850.3823
Analyst,Master,5,Male,42,104958.5067
Engineer,PhD,18,Male,64,124794.7465
Manager,PhD,25,Male,57,154990.8428
Manager,Master,3,Female,54,106062.034
Manager,High School,20,Male,58,93636.97893
Manager,Master,4,Female,41,112126.3396
Director,PhD,14,Male,48,152065.3612
Engineer,Master,12,Female,54,119412.9922
Manager,Master,14,Male,21,122441.0201
Analyst,Bachelor,5,Male,37,67608.308
Director,Bachelor,18,Female,54,107412.7381
Analyst,PhD,27,Male,63,132494.8205
Analyst,PhD,7,Male,33,107360.0358
Engineer,High School,16,Female,37,64227.53384
Analyst,PhD,3,Male,51,109204.4588
Director,High School,22,Female,41,93993.97073
Manager,High School,21,Female,54,105457.6139
Manager,Master,11,Male,21,121709.4984
Analyst,Master,27,Male,25,127723.0065
Engineer,PhD,26,Female,58,135962.9056
Engineer,Bachelor,18,Female,51,87129.83711
Manager,Bachelor,6,Male,48,92218.21953
Manager,High School,26,Male,58,104528.891
Analyst,PhD,21,Male,24,104518.8152
Engineer,High School,22,Female,57,71668.35225
Analyst,Master,24,Female,27,115023.3585
Manager,PhD,5,Female,23,127759.0763
Manager,PhD,5,Male,41,154677.2968
Analyst,Bachelor,16,Female,41,85476.83216
Engineer,PhD,3,Male,46,106378.0856
Manager,Bachelor,12,Male,22,86223.92931
Manager,PhD,3,Male,48,124594.3997
Engineer,Master,2,Male,52,83967.79917
Manager,High School,15,Female,57,79667.5065
Engineer,Bachelor,20,Male,53,101611.0632
Engineer,Bachelor,17,Female,55,95200.31932
Manager,PhD,12,Female,52,152791.7666
Analyst,PhD,2,Male,59,97925.34019
Manager,PhD,26,Female,37,154075.9579
Manager,Bachelor,2,Female,29,69874.84256
Manager,Bachelor,14,Male,55,98194.01484
Director,Bachelor,7,Female,64,112932.7362
Manager,PhD,26,Male,42,151687.224
Analyst,PhD,25,Male,25,128855.1295
Analyst,Master,14,Male,42,111516.3025
Analyst,Master,7,Female,29,84891.44362
Engineer,Master,20,Male,21,106062.6629
Director,High School,17,Female,63,97852.52575
Director,PhD,24,Female,25,154994.2199
Analyst,PhD,27,Female,62,121693.8376
Director,Bachelor,4,Female,24,97276.23179
Engineer,Master,27,Male,27,129791.9649
Manager,PhD,15,Male,39,131229.4879
Analyst,Bachelor,27,Female,58,92041.74999
Director,PhD,3,Female,33,118165.0845
Analyst,PhD,6,Male,31,106202.0438
Analyst,Bachelor,26,Female,43,92346.87262
Analyst,Bachelor,8,Male,58,66322.76809
Analyst,Bachelor,16,Male,31,90884.4448
Manager,High School,15,Female,60,93394.90672
Analyst,Master,4,Female,51,92260.7007
Director,Master,21,Male,23,112893.3195
Director,High School,8,Male,22,76493.46362
Engineer,Bachelor,23,Female,27,88189.55978
Engineer,Bachelor,8,Male,22,85653.05646
Director,High School,20,Female,45,103997.3081
Analyst,PhD,7,Male,25,106214.6981
Director,High School,26,Male,36,103439.5662
Engineer,High School,20,Female,28,95703.03912
Analyst,PhD,24,Male,37,127740.5689
Director,Master,18,Female,48,137723.2789
Manager,Bachelor,12,Male,34,101663.0578
Director,Master,4,Female,26,121102.3144
Engineer,Bachelor,14,Female,33,77149.0302
Director,Master,27,Female,48,139904.7899
Analyst,High School,24,Female,23,86438.00154
Director,Master,25,Male,64,150921.4909
Engineer,High School,28,Male,58,80135.31585
Director,Bachelor,29,Male,24,117235.2685
Analyst,Bachelor,25,Male,20,77191.93286
Director,Bachelor,5,Male,31,121616.5186
Engineer,High School,22,Male,58,76320.5488
Manager,PhD,20,Male,26,163602.2859
Director,High School,23,Male,40,103555.456
Director,PhD,26,Male,26,160395.2232
Engineer,High School,7,Male,36,65062.72488
Engineer,High School,12,Male,20,71991.4985
Director,High School,15,Male,23,85339.36815
Engineer,High School,19,Male,25,90600.13108
Engineer,Bachelor,26,Male,59,94996.98297
Analyst,PhD,13,Male,36,115965.9991
Director,PhD,4,Female,45,137025.61
Director,High School,6,Male,50,86923.38876
Manager,PhD,8,Male,47,127924.4512
Manager,Master,15,Female,31,125668.6937
Engineer,Master,12,Male,60,94835.55842
Engineer,Bachelor,10,Male,20,79937.26467
Director,Bachelor,12,Male,53,97105.17581
Manager,Bachelor,17,Female,45,104635.4147
Director,Master,29,Male,34,132909.2727
Director,Bachelor,28,Male,54,129926.1611
Director,Bachelor,8,Male,60,94565.82136
Manager,High School,28,Female,63,79527.89822
Director,Bachelor,2,Female,58,79864.76397
Manager,Master,19,Male,39,111971.1168
Manager,Bachelor,22,Male,62,95662.03982
Engineer,Bachelor,29,Male,54,107961.6719
Director,High School,1,Female,58,68583.46837
Manager,High School,22,Male,41,83586.5193
Engineer,Bachelor,25,Female,40,111781.8936
Engineer,Bachelor,10,Female,46,72798.82843
Manager,Master,9,Male,55,104584.5432
Analyst,PhD,19,Male,47,131547.1554
Engineer,PhD,12,Female,23,113759.2045
Manager,Bachelor,29,Male,45,108212.9149
Engineer,PhD,22,Male,27,127751.0693
Analyst,PhD,20,Male,24,128295.2244
Director,PhD,18,Male,24,148741.8413
Manager,Master,24,Male,29,154081.4928
Director,Master,16,Female,24,145378.9137
Engineer,Bachelor,4,Female,53,65467.61516
Analyst,Master,11,Female,30,102126.8656
Analyst,PhD,25,Female,43,131524.1549
Engineer,Master,22,Male,52,150065.7435
Manager,High School,29,Female,33,83898.00356
Manager,PhD,27,Male,41,159035.397
Engineer,PhD,22,Male,48,116155.6786
Analyst,Bachelor,15,Female,43,79930.62559
Director,Bachelor,16,Female,25,130098.9056
Analyst,Bachelor,2,Female,22,62915.44568
Analyst,Master,13,Female,20,109045.5442
Analyst,Bachelor,12,Female,29,86338.84774
Engineer,Bachelor,26,Male,27,91775.01283
Director,Bachelor,8,Female,49,100483.4364
Analyst,Master,12,Male,41,96130.97355
Engineer,High School,27,Male,36,80739.41728
Manager,PhD,14,Male,34,120698.0559
Manager,Bachelor,3,Female,39,103068.0073
Analyst,High School,2,Male,57,43069.23604
Analyst,PhD,17,Male,46,129937.7431
Director,Bachelor,2,Female,32,88234.68149
Analyst,Bachelor,17,Male,35,98169.90559
Manager,Master,2,Female,39,104264.4422
Engineer,High School,2,Male,38,61089.67332
Engineer,Master,13,Female,62,94710.23365
Director,PhD,7,Female,22,140959.7621
Engineer,High School,9,Female,36,77115.05705
Director,Master,9,Male,31,120309.2241
Analyst,High School,14,Male,55,59417.70846
Engineer,Master,11,Female,29,89616.76042
Director,High School,20,Female,29,91291.62174
Director,High School,19,Male,50,99640.24198
Analyst,PhD,1,Female,42,113050.811
Manager,PhD,24,Female,62,159514.7355
Engineer,PhD,5,Male,40,111874.8395
Analyst,High School,23,Male,61,70249.48049
Engineer,High School,1,Male,39,52716.98893
Manager,PhD,6,Male,24,120089.6702
Engineer,Bachelor,16,Male,35,94731.44127
Director,PhD,20,Female,53,193016.6021
Engineer,Master,16,Female,20,139151.7063
Director,PhD,20,Female,35,161398.266
Manager,High School,26,Female,33,103388.5721
Director,PhD,13,Female,29,147546.1664
Analyst,High School,14,Female,62,68468.61661
Director,PhD,11,Female,30,121504.2821
Director,PhD,21,Female,59,151398.9443
Analyst,Bachelor,10,Female,54,72165.00736
Director,Master,17,Male,59,133075.1903
Director,Bachelor,7,Female,64,97139.84535
Analyst,High School,22,Female,64,61210.57649
Director,High School,4,Male,62,68111.868
Director,PhD,17,Female,21,145338.4686
Engineer,High School,1,Female,28,37185.88349
Engineer,PhD,2,Male,20,110873.6144
Director,High School,19,Male,31,85187.1013
Analyst,High School,1,Male,46,33510.51067
Analyst,Bachelor,12,Male,50,73697.62107
Engineer,High School,28,Male,63,69651.92836
Analyst,Master,19,Male,62,121353.8239
Analyst,Master,19,Female,39,106561.962
Engineer,Master,26,Female,41,124104.5433
Manager,High School,23,Female,21,87280.28107
Engineer,High School,16,Female,38,71569.68317
Analyst,Master,16,Female,48,88637.58196
Director,High School,29,Female,31,100232.1589
Analyst,Master,8,Male,59,88909.67674
Director,PhD,28,Female,29,156548.2976
Director,Master,25,Male,44,139636.6748
Director,PhD,26,Male,24,167570.6946
Manager,PhD,27,Female,46,142195.4075
Manager,High School,25,Male,63,84322.32758
Engineer,Bachelor,13,Male,41,82088.40331
Manager,Bachelor,14,Male,34,109825.9137
Director,Bachelor,19,Female,49,122680.0366
Analyst,High School,15,Female,21,73688.88708
Analyst,High School,15,Male,34,62136.81719
Director,PhD,21,Female,20,157152.8215
Analyst,PhD,8,Female,35,123610.0289
Analyst,Bachelor,24,Male,53,106774.3393
Manager,PhD,13,Female,52,133151.4679
Director,High School,12,Male,57,93416.47945
Analyst,PhD,22,Female,25,149741.5503
Analyst,High School,28,Female,50,61353.01961
Analyst,Bachelor,13,Male,61,92303.78885
Director,Master,16,Male,29,130573.9807
Director,Master,24,Male,27,142882.8881
Engineer,High School,12,Female,50,78159.76528
Engineer,Master,14,Male,41,99794.61837
Analyst,Bachelor,15,Female,50,73797.25898
Manager,PhD,19,Female,61,160061.9147
Manager,PhD,5,Female,28,115015.1536
Director,PhD,29,Female,21,157137.8049
Director,Bachelor,2,Male,41,94046.20893
Engineer,Master,18,Male,28,111138.9818
Engineer,Bachelor,18,Male,20,82077.89372
Director,Master,24,Male,47,139341.8977
Manager,PhD,26,Female,45,148185.1534
Engineer,Master,17,Male,49,117978.5988
Engineer,Bachelor,10,Male,27,74939.23444
Analyst,Master,27,Female,46,110115.5386
Manager,PhD,17,Male,51,144899.9946
Analyst,PhD,3,Male,34,128521.5348
Engineer,High School,16,Male,39,85079.04082
Engineer,High School,18,Female,28,57067.73818
Engineer,Master,21,Male,59,143997.0765
Engineer,Bachelor,7,Male,49,73742.23675
Director,PhD,1,Male,43,129475.8427
Manager,Bachelor,7,Female,33,100882.3199
Manager,Master,13,Female,60,109383.2754
Manager,Master,23,Male,21,149537.1951
Manager,Bachelor,16,Male,45,114474.0836
Analyst,High School,11,Female,44,54012.80154
Analyst,Master,3,Male,50,108753.0688
Analyst,PhD,9,Male,61,127491.1521
Engineer,High School,7,Female,36,54711.04803
Director,Master,23,Male,31,151883.9411
Manager,High School,22,Male,59,86835.12558
Director,PhD,3,Male,27,132166.7371
Manager,Master,22,Male,58,123310.5445
Manager,Bachelor,1,Female,41,77209.03988
Analyst,Master,11,Male,44,87666.57721
Engineer,Bachelor,13,Male,57,86677.84011
Engineer,High School,4,Female,63,45117.66501
Director,Bachelor,10,Male,56,74247.97373
Engineer,Bachelor,26,Female,52,92638.94396
Analyst,Master,8,Male,29,96310.92421
Manager,Master,28,Male,60,130301.1887
Director,PhD,28,Male,36,175671.3094
Analyst,High School,17,Female,55,63837.53495
Manager,Bachelor,11,Male,23,93336.90348
Engineer,High School,5,Female,59,50604.1645
Director,PhD,18,Male,57,133634.5864
Director,High School,4,Male,23,94857.97225
Manager,High School,6,Male,60,57188.99914
Engineer,Master,24,Female,55,114795.9237
Director,High School,7,Male,21,85397.1378
Engineer,PhD,28,Female,23,148023.5326
Engineer,Bachelor,12,Male,31,71973.49636
Manager,High School,3,Female,23,53944.64205
Analyst,PhD,29,Male,32,146650.406
Engineer,Master,8,Male,52,114297.2336
Director,Bachelor,20,Female,59,118490.0356
Director,PhD,21,Male,20,150741.9024
Director,High School,10,Female,43,64375.91266
Director,Bachelor,24,Male,27,117826.5765
Manager,Master,1,Male,21,111214.9424
Engineer,High School,17,Female,54,77809.4667
Manager,High School,18,Female,33,96893.75908
Analyst,High School,9,Male,50,60380.71644
Engineer,Master,20,Female,41,127046.0047
Engineer,Bachelor,22,Male,37,120814.6071
Engineer,PhD,27,Female,43,136061.3808
Analyst,High School,16,Male,55,58368.84205
Manager,High School,17,Male,53,92184.82926
Engineer,High School,18,Male,26,75354.64525
Engineer,High School,11,Female,44,67123.07688
Director,Bachelor,18,Female,54,121923.7433
Analyst,PhD,4,Female,60,107455.1349
Director,Master,8,Female,58,107652.0472
Director,Master,10,Female,29,117228.5249
Manager,Bachelor,4,Male,44,96459.46257
Director,High School,8,Female,49,63633.59335
Analyst,Bachelor,17,Female,25,91986.54646
Analyst,Bachelor,3,Female,45,62423.1254
Engineer,Bachelor,5,Female,24,81466.33111
Manager,PhD,27,Female,58,154429.5098
Engineer,PhD,5,Female,20,133439.8891
Director,Bachelor,7,Female,34,100429.7654
Engineer,Bachelor,1,Female,29,57268.80338
Analyst,PhD,18,Female,56,138709.6471
Analyst,Bachelor,24,Female,48,102101.9652
Director,PhD,23,Female,35,153914.3683
Engineer,PhD,22,Male,22,142102.5782
Analyst,Master,6,Male,56,119014.4921
Analyst,Master,24,Female,27,128472.2427
Manager,PhD,28,Female,37,157707.056
Engineer,Bachelor,20,Male,51,97076.61324
Engineer,Bachelor,15,Female,63,88064.62889
Manager,Bachelor,28,Female,61,119772.3205
Analyst,Master,23,Male,35,118399.9178
Manager,High School,9,Male,48,57865.76989
Manager,PhD,25,Male,62,154646.424
Manager,High School,29,Female,51,102641.2133
Analyst,High School,3,Female,42,37935.36834
Director,Bachelor,27,Male,43,126970.3525
Director,High School,18,Female,24,70229.56394
Director,Bachelor,29,Female,20,125294.9284
Manager,High School,16,Female,37,60167.65498
Director,PhD,17,Female,26,140182.5448
Engineer,Master,9,Female,24,97889.34086
Director,Master,28,Male,31,140911.5018
Analyst,Bachelor,24,Male,52,113515.2802
Manager,High School,13,Male,36,88355.1057
Manager,High School,8,Male,22,69004.3114
Director,High School,13,Male,30,73669.22159
Manager,High School,1,Male,59,63612.23683
Manager,High School,21,Male,58,70708.87032
Manager,PhD,12,Male,59,151730.8
Manager,Master,12,Male,20,141967.66
Engineer,Bachelor,9,Female,29,89531.99898
Analyst,High School,1,Male,31,54316.90346
Engineer,Master,21,Female,64,114343.7122
Director,PhD,14,Female,37,144948.9371
Director,PhD,29,Male,56,186452.8457
Manager,PhD,14,Male,61,133240.6439
Manager,PhD,6,Male,25,141610.9856
Director,High School,16,Male,61,79684.60758
Manager,Master,8,Female,58,110037.6835
Engineer,Bachelor,19,Male,56,71859.43407
Manager,High School,5,Female,24,66592.34201
Engineer,PhD,15,Male,31,122362.7238
Analyst,PhD,13,Male,59,144650.4941
Engineer,PhD,26,Female,49,145122.7227
Director,PhD,24,Male,63,164373.9675
Director,High School,6,Female,31,88826.78449
Director,Master,17,Female,62,121074.5919
Engineer,Bachelor,5,Female,52,81241.18288
Analyst,Master,10,Female,21,113370.8069
Director,Master,5,Female,64,120085.5493
Manager,Bachelor,17,Female,54,86829.83798
Engineer,PhD,19,Female,62,120476.5734
Analyst,PhD,6,Female,62,108866.7301
Engineer,High School,22,Male,64,54377.71102
Engineer,High School,15,Female,30,73305.17369
Analyst,Master,4,Female,62,96811.67266
Engineer,Bachelor,17,Male,60,78243.18173
Director,Bachelor,1,Female,59,102139.8131
Analyst,High School,18,Female,35,67235.45347
Engineer,PhD,26,Female,46,135543.8572
Manager,High School,10,Female,61,83719.55552
Analyst,Master,19,Female,60,99560.39991
Manager,High School,2,Male,64,66182.03349
Engineer,PhD,17,Female,36,110142.7195
Manager,Bachelor,18,Male,63,109174.7499
Analyst,Master,13,Female,48,107650.4798
Engineer,PhD,7,Male,20,106536.0686
Analyst,Master,29,Female,64,100903.0981
Engineer,Bachelor,20,Male,22,81404.76394
Director,High School,5,Male,42,84143.06834
Director,High School,4,Male,44,80239.59627
Director,Bachelor,7,Female,64,109739.5758
Manager,High School,5,Male,39,51736.21507
Manager,High School,19,Male,50,90389.73811
Director,Master,20,Male,33,144828.4122
Analyst,High School,7,Female,27,44330.36965
Analyst,High School,13,Male,39,69760.60276
Engineer,Bachelor,4,Male,55,76490.77603
Analyst,PhD,15,Female,49,112237.9498
Analyst,Bachelor,20,Male,40,73673.05234
Manager,Bachelor,29,Female,28,126337.2349
Analyst,Bachelor,25,Female,30,98959.51189
Analyst,Bachelor,18,Female,61,96812.24946
Engineer,PhD,4,Male,54,113116.2688
Director,Bachelor,28,Female,31,130676.7089
Director,Master,4,Male,28,140235.2642
Manager,High School,2,Female,41,80968.49088
Manager,Master,22,Male,24,122671.7273
Engineer,High School,20,Female,27,83749.68725
Manager,PhD,23,Male,41,147944.4544
Engineer,PhD,28,Male,42,145613.9117
Director,Bachelor,5,Female,26,100710.0881
Director,PhD,25,Male,39,160064.6815
Engineer,High School,22,Male,63,71963.77183
Director,PhD,8,Male,26,138197.1289
Analyst,Master,11,Female,52,112833.6728
Analyst,High School,11,Female,57,68407.26239
Director,PhD,18,Female,42,155963.8498
Engineer,PhD,27,Male,61,146282.9226
Analyst,PhD,25,Female,41,128345.4074
Analyst,High School,19,Female,31,75932.41136
Director,Bachelor,17,Female,63,127488.8052
Manager,PhD,1,Female,23,136686.1083
Manager,PhD,5,Female,52,133712.6427
Director,Master,3,Male,49,129605.7081
Director,Bachelor,28,Female,41,139740.6185
Analyst,PhD,14,Female,37,129311.3137
Engineer,PhD,2,Male,25,118519.0053
Engineer,Bachelor,28,Female,47,92227.74376
Analyst,Bachelor,3,Male,21,52282.49263
Analyst,High School,3,Male,53,47721.51619
Engineer,High School,20,Female,60,72589.44467
Manager,PhD,21,Female,63,146600.0907
Manager,Master,27,Male,59,138404.8842
Engineer,High School,13,Male,63,69728.24675
Director,High School,8,Female,57,83849.98329
Director,PhD,22,Male,50,148468.7138
Analyst,Master,14,Male,38,94698.64793
Manager,Bachelor,18,Male,35,111328.0534
Director,Master,27,Male,60,129233.0898
Director,PhD,20,Male,49,150652.1697
Director,Master,13,Male,24,109867.9807
Engineer,PhD,18,Male,62,134838.5842
Analyst,PhD,1,Male,40,102577.1544
Analyst,High School,2,Male,36,47957.05579
Manager,PhD,5,Female,41,124368.701
Director,Master,11,Female,22,112787.3493
Analyst,Master,11,Male,40,96863.4436
Engineer,High School,1,Male,44,69178.26413
Engineer,PhD,29,Female,63,145659.3705
Engineer,Master,27,Female,40,131076.5862
Director,Bachelor,3,Male,35,94632.28957
Engineer,High School,29,Female,53,100127.2859
Director,PhD,2,Male,44,147141.8213
Analyst,Bachelor,14,Male,44,91310.18682
Engineer,Master,20,Male,60,104004.6841
Director,Bachelor,16,Male,47,106870.0139
Manager,Bachelor,18,Female,23,103473.045
Analyst,High School,5,Male,39,62396.23914
Analyst,Bachelor,8,Male,32,68217.79384
Director,Bachelor,22,Female,64,101769.9986
Director,PhD,7,Male,30,143623.6304
Analyst,Bachelor,10,Male,29,74897.08684
Director,PhD,16,Male,48,151020.7502
Engineer,Master,19,Male,51,124268.0058
Director,High School,22,Female,43,82248.39517
Analyst,Bachelor,29,Male,33,109106.9372
Engineer,Bachelor,11,Male,25,83567.7246
Director,PhD,19,Female,60,155047.7793
Engineer,PhD,3,Male,27,104742.2064
Director,High School,18,Male,61,93896.19858
Analyst,Bachelor,4,Male,36,49941.82125
Analyst,Master,25,Female,59,109319.1428
Engineer,High School,20,Female,55,74842.43455
Analyst,Bachelor,17,Female,62,99639.30202
Analyst,Master,24,Male,48,110506.9814
Engineer,Bachelor,13,Female,37,94955.18311
Engineer,Master,4,Female,57,104059.3881
Analyst,Bachelor,14,Male,21,68510.99629
Engineer,PhD,25,Female,37,149072.0487
Engineer,Master,3,Male,50,94545.58658
Director,PhD,21,Male,54,150737.5666
Manager,Bachelor,4,Male,23,95820.99779
Analyst,Master,18,Male,53,112455.3879
Analyst,PhD,13,Male,63,115986.1546
Director,Master,7,Female,45,137105.2473
Analyst,Master,11,Male,21,100285.2158
Analyst,Master,11,Male,54,102655.8929
Analyst,High School,6,Male,59,56036.16301
Engineer,PhD,11,Female,60,141466.7184
Analyst,Master,9,Female,38,101144.0601
Analyst,Master,16,Female,61,92226.87182
Manager,PhD,28,Female,41,163883.3521
Director,Master,5,Male,48,124184.5149
Director,Master,20,Male,21,129469.3809
Engineer,High School,23,Male,61,95229.64762
Analyst,Bachelor,6,Female,58,72686.91364
Analyst,High School,4,Male,32,59999.86743
Analyst,PhD,8,Male,35,115316.1668
Analyst,Master,25,Male,48,101638.6987
Engineer,High School,25,Female,45,93105.81761
Manager,High School,16,Female,42,68129.67263
Director,Master,16,Male,47,130152.2906
Manager,PhD,11,Female,33,113916.7921
Analyst,Bachelor,20,Female,53,106299.8224
Manager,PhD,14,Male,34,147979.9832
Manager,Master,8,Female,28,110377.7963
Director,Master,25,Male,24,149751.3841
Manager,Bachelor,6,Female,41,77706.63431
Manager,Bachelor,8,Female,48,92589.53218
Manager,Master,19,Female,42,118085.6227
Engineer,PhD,8,Male,34,107515.2895
Engineer,Bachelor,29,Female,20,112114.2713
Engineer,Master,25,Male,57,119815.7095
Manager,Bachelor,1,Male,29,82767.11364
Engineer,PhD,13,Female,53,135362.2549
Manager,Master,8,Female,60,100474.1772
Manager,PhD,21,Male,60,146451.13
Engineer,High School,9,Female,27,93275.38547
Analyst,Bachelor,16,Male,46,87046.8203
Manager,Bachelor,21,Male,49,117683.1106
Manager,Master,5,Male,37,111449.1688
Director,Master,11,Female,30,118484.3101
Engineer,High School,17,Female,63,70097.03589
Director,Master,21,Female,53,127582.9506
Manager,Bachelor,27,Female,21,83930.42235
Director,PhD,9,Female,58,156315.9251
Manager,Master,17,Male,39,123413.3814
Director,High School,15,Male,49,93338.51222
Manager,PhD,1,Female,26,121281.6987
Engineer,Bachelor,21,Male,25,120783.727
Director,Master,24,Male,24,143126.7181
Director,High School,16,Male,22,85460.35259
Analyst,Master,13,Male,60,72935.01285
Analyst,Bachelor,20,Female,60,94528.34132
Engineer,Master,24,Female,36,127318.7779
Manager,Bachelor,24,Female,27,114068.612
Analyst,High School,3,Male,60,69242.21734
Engineer,High School,28,Female,44,110948.8117
Engineer,Bachelor,14,Female,43,87266.49792
Manager,High School,3,Male,42,75312.5356
Manager,Master,18,Male,61,107141.4742
Director,High School,24,Male,26,104313.191
Director,PhD,28,Female,34,163634.9048
Engineer,Bachelor,14,Male,59,81786.09502
Engineer,Master,17,Male,44,105366.0108
Engineer,High School,24,Female,51,82436.96532
Director,Master,6,Male,40,117911.9709
Analyst,PhD,26,Male,38,132986.7297
Manager,High School,8,Female,55,71257.07866
Engineer,High School,2,Male,52,50442.07521
Director,Bachelor,18,Male,40,122170.5389
Director,High School,3,Female,44,66921.32052
Manager,Bachelor,29,Male,52,129479.8661
Analyst,High School,21,Female,47,70661.73033
Engineer,Master,2,Male,64,103270.2395
Manager,PhD,5,Female,56,114507.6809
Director,PhD,22,Male,38,149433.1987
Analyst,High School,9,Male,42,73396.14394
Engineer,Master,29,Male,54,116661.8327
Director,Bachelor,19,Female,51,108675.6234
Director,PhD,2,Male,38,129220.6003
Manager,PhD,23,Male,34,166637.4259
Director,High School,4,Female,27,77741.37998
Engineer,Master,17,Female,31,120102.646
Director,High School,4,Male,30,76322.52202
Manager,Master,26,Male,58,138131.7626
Manager,High School,6,Female,61,63967.56545
Analyst,PhD,2,Male,42,123780.3124
Analyst,Master,4,Female,20,95086.48204
Director,Master,8,Female,54,123441.291
Director,High School,2,Male,37,85383.15539
Director,High School,2,Female,62,86467.92074
Analyst,Master,8,Male,26,90855.04894
Analyst,Bachelor,26,Male,23,117630.3896
Director,PhD,5,Male,60,126484.7742
Analyst,Bachelor,14,Male,47,93221.84608
Manager,Bachelor,13,Male,32,123092.1856
Analyst,Bachelor,19,Male,59,84101.85269
Manager,High School,28,Female,41,100452.5585
Director,Master,1,Female,45,124775.0506
Manager,Bachelor,12,Male,20,95621.00301
Engineer,Bachelor,20,Female,63,74996.46724
Director,PhD,3,Male,54,127440.4064
Manager,PhD,14,Male,21,139809.3259
Manager,Bachelor,5,Female,63,103915.1532
Analyst,PhD,17,Male,57,129845.5533
Manager,Bachelor,17,Female,63,108464.3201
Analyst,PhD,11,Male,45,116719.8519
Manager,Master,26,Male,43,138082.3317
Manager,High School,12,Female,62,66811.31341
Analyst,Master,4,Male,24,97173.28954
Engineer,Bachelor,9,Male,27,95126.80785
Manager,Bachelor,20,Female,49,99167.88705
Manager,Bachelor,15,Male,21,111440.017
Director,Bachelor,1,Female,43,72841.11155
Analyst,Master,21,Female,43,118510.996
Analyst,High School,21,Female,44,79002.84324
Engineer,Bachelor,1,Male,45,102106.0853
Director,Master,3,Female,25,137130.8554
Engineer,PhD,12,Male,42,137069.8036
Engineer,Bachelor,6,Female,36,89173.97096
Manager,PhD,22,Male,51,153466.1561
Manager,Bachelor,25,Female,20,98183.68685
Analyst,Bachelor,3,Male,23,74649.087
Director,Master,8,Male,53,141267.2847
Analyst,High School,13,Female,51,48438.35551
Director,Master,12,Male,26,127497.1817
Analyst,Master,20,Male,20,100807.6592
Engineer,PhD,29,Female,28,163509.5181
Engineer,Master,23,Female,44,117342.1867
Engineer,Master,2,Female,26,107445.3437
Manager,Master,17,Male,31,112862.3751
Director,High School,19,Female,24,88958.6792
Director,PhD,19,Male,57,161785.2919
Manager,Bachelor,15,Female,27,114388.3173
Director,Bachelor,22,Female,45,84837.19691
Analyst,PhD,16,Female,62,135511.4079
Engineer,PhD,16,Female,25,132001.6688
Manager,Master,6,Male,57,118098.0693
Engineer,PhD,2,Female,24,110423.42
Director,Master,11,Male,62,126284.0844
Manager,Master,3,Female,32,99019.38519
Director,Bachelor,28,Male,36,130113.2303
Engineer,PhD,9,Female,25,121976.0574
Director,Bachelor,24,Male,33,117780.7184
Manager,PhD,20,Female,31,141637.7045
Director,Bachelor,16,Male,42,124024.3891
Manager,Master,8,Male,62,120890.0589
Manager,Master,13,Male,59,107463.5761
Manager,Bachelor,4,Male,20,92362.5402
Analyst,Master,2,Male,44,97697.92392
Director,High School,17,Male,47,112954.0417
Director,Bachelor,18,Female,50,120075.5258
Engineer,Bachelor,17,Female,44,92373.80193
Manager,PhD,25,Male,48,144908.7597
Manager,Master,25,Female,44,111344.4727
Engineer,High School,27,Female,50,79976.18786
Director,PhD,6,Female,52,126908.1522
Director,Bachelor,20,Female,55,102152.1527
Director,High School,27,Male,42,105298.777
Manager,High School,11,Female,28,66157.89578
Manager,Master,20,Female,23,116720.8194
Engineer,Bachelor,18,Male,56,79719.95373
Analyst,PhD,14,Female,34,126314.6676
Analyst,High School,1,Male,56,65965.08051
Manager,Bachelor,23,Male,37,107518.6253
Director,Master,2,Male,39,129257.5534
Director,Bachelor,7,Male,44,123627.2671
Analyst,Master,10,Female,44,94081.8897
Director,Bachelor,6,Male,55,102512.1001
Analyst,PhD,13,Female,21,119967.7009
Manager,Bachelor,11,Female,32,110696.2373
Manager,PhD,24,Female,40,136813.5012
Director,Master,17,Male,27,126430.4323
Director,High School,28,Female,42,99434.63928
Analyst,High School,18,Male,64,71869.62566
Director,PhD,5,Female,35,146305.2403
Manager,Bachelor,29,Male,52,97354.26749
Director,Bachelor,26,Male,53,117763.8672
Director,Bachelor,15,Male,33,97052.93882
Director,High School,14,Male,21,87889.91945
Manager,Master,22,Female,23,124379.6104
Director,Master,18,Female,59,126191.929
Analyst,Master,7,Male,56,107847.4758
Engineer,High School,29,Female,58,92353.16277
Analyst,Master,11,Male,47,91867.25195
Analyst,PhD,6,Female,54,115249.0267
Analyst,PhD,5,Female,58,101185.162
Manager,High School,5,Male,45,66983.27059
Analyst,Bachelor,21,Female,36,97899.7805
Director,Master,24,Male,29,139267.8171
Manager,Master,19,Male,45,125010.6084
Engineer,PhD,19,Female,20,130113.5703
Analyst,High School,23,Male,35,61532.07984
Engineer,Bachelor,22,Male,36,95209.17595
Director,Master,11,Male,62,110485.5886
Director,High School,12,Male,56,103104.5898
Analyst,High School,28,Female,27,83642.1064
Director,Master,28,Female,43,146975.6297
Director,Bachelor,15,Female,60,103801.9523
Director,Master,20,Female,58,134296.6038
Manager,High School,17,Female,57,89977.94942
Engineer,PhD,25,Male,57,150114.4789
Analyst,PhD,25,Female,24,130963.0907
Engineer,High School,2,Female,54,52264.7124
Manager,High School,9,Female,42,89782.29963
Director,Bachelor,8,Male,50,114365.9286
Director,High School,6,Male,53,88085.19941
Manager,Bachelor,16,Female,47,94613.53756
Director,High School,24,Female,27,113240.2034
Analyst,Bachelor,10,Female,33,62267.66824
Analyst,Master,21,Female,45,131317.6842
Engineer,PhD,1,Male,57,110642.2778
Manager,Bachelor,24,Male,51,111908.615
Manager,PhD,15,Female,56,146462.1777
Analyst,Master,3,Female,59,86684.29089
Director,Bachelor,20,Female,28,118246.3364
Manager,Master,26,Male,38,148215.8314
Manager,Bachelor,22,Female,40,112264.974
Director,PhD,5,Female,45,127277.6888
Manager,Master,1,Male,59,84075.94263
Director,High School,28,Male,49,93537.7938
Engineer,Master,27,Female,22,113064.546
Engineer,Bachelor,21,Female,60,84814.74127
Director,PhD,6,Female,37,143721.1064
Engineer,High School,27,Female,60,72362.95553
Director,High School,25,Male,59,117061.2462
Director,Master,18,Male,53,142528.7777
Manager,Master,5,Female,23,114713.1676
Director,High School,25,Male,46,111834.5795
Director,Master,1,Female,44,121242.1431
Director,PhD,18,Female,50,153652.0935
Director,High School,18,Female,21,88647.85739
Director,High School,9,Male,62,93448.60002
Analyst,Master,10,Male,38,78855.39027
Analyst,Master,5,Male,27,92914.00678
Analyst,Bachelor,10,Male,63,77974.0566
Engineer,Master,13,Male,25,116630.8467
Manager,High School,17,Female,60,78315.63657
Engineer,High School,4,Male,57,68887.85743
Engineer,Bachelor,1,Female,39,83921.21618
Analyst,Bachelor,15,Female,54,84080.91887
Analyst,High School,24,Male,41,90815.98629
Manager,Bachelor,1,Male,56,95395.50206
Director,High School,25,Female,44,91688.1665
Engineer,Master,29,Female,50,118282.8097
Manager,High School,12,Female,21,92294.08918
Director,Bachelor,2,Female,20,98020.59791
Engineer,Master,19,Male,44,139481.127
Manager,High School,15,Male,24,70640.75877
Engineer,High School,13,Female,20,55573.93062
Manager,Bachelor,9,Female,56,88723.01541
Engineer,Bachelor,6,Female,40,77750.67459
Director,PhD,25,Female,24,138815.4937
Engineer,High School,3,Female,25,54908.31486
Analyst,Master,18,Female,34,104315.8456
Engineer,Bachelor,16,Male,42,82312.36464
Director,Master,4,Female,35,107697.7425
Analyst,PhD,22,Male,39,118568.0746
Director,Bachelor,17,Male,32,114580.3805
Director,Master,19,Female,59,128161.5916
Manager,High School,6,Male,52,55762.98548
Director,Master,25,Female,50,127400.6573
Director,High School,23,Male,40,98276.7676
Director,Master,19,Female,40,140086.4712
Analyst,High School,8,Female,25,64683.38986
Engineer,High School,24,Female,30,74468.20502
Analyst,Master,18,Male,44,98207.02602
Director,Bachelor,27,Female,31,108544.9227
Director,High School,25,Female,41,71077.00007
